id,product,price
0,HeatSink and Joystick,50
1,Headset,22
2,Mouse with Keyboard,49
3,TouchPen,38
4,RAM with Hardisk (2TB),41
5,HeatSink and Joystick,20
6,Hardisk (500GB),49
7,Gaming Mouse,21
8,Gaming Mouse,34
9,Pendrive (16GB),50
10,Joystick,48
11,Gaming Keyboard,41
12,Hardisk (1TB),50
13,Mouse with Keyboard,39
14,Keyboard,46
15,Gaming Mouse with Mouse Pad,50
16,Hardisk (500GB),21
17,Hardisk (500GB),32
18,Gaming Mouse with Mouse Pad,22
19,Pendrive (16GB),37
20,RAM with Hardisk (2TB),21
21,Gaming Mouse Pad,38
22,Gaming Mouse with Mouse Pad,39
23,HeatSink and Joystick,28
24,Mouse with Keyboard,47
25,Graphics Card (2GB) NVIDIA with HeatSink,32
26,HeatSink and Joystick,22
27,Gaming Mouse,27
28,Mouse with Keyboard,41
29,Gaming Mouse with Mouse Pad,46
30,Keyboard,48
31,Graphics Card (2GB) NVIDIA with HeatSink,35
32,Mouse Pad,35
33,Gaming Keyboard,28
34,Headset,32
35,Gaming Keyboard,23
36,Pendrive (16GB),44
37,Mouse Pad,24
38,Hardisk (500GB),20
39,HeatSink and Joystick,43
40,Normal Mouse,47
41,HeatSink and Joystick,49
42,Pendrive (32GB),47
43,Mouse Pad,30
44,Hardisk (500GB),24
45,Mouse with Keyboard,23
46,Pendrive (16GB),48
47,Mouse with Keyboard,46
48,Mouse Pad,44
49,Mouse with Keyboard,48
50,Hardisk (1TB),41
51,Keyboard,27
52,Joystick,37
53,Keyboard,22
54,Mouse Pad,48
55,Gaming Mouse Pad,24
56,Gaming Keyboard,46
57,Joystick,25
58,Hardisk (1TB),50
59,Gaming Mouse Pad,35
60,Gaming Keyboard with Gaming Mouse,20
61,Gaming Keyboard with Gaming Mouse,27
62,Gaming Mouse Pad,40
63,Normal Mouse,50
64,Joystick,23
65,Hardisk (1TB),28
66,RAM with Hardisk (2TB),21
67,Gaming Mouse with Mouse Pad,35
68,Headset,24
69,Hardisk (1TB),41
70,Mouse with Keyboard,44
71,Mouse with Keyboard,35
72,RAM with Hardisk (2TB),41
73,Keyboard,39
74,Gaming Keyboard with Gaming Mouse,40
75,HeatSink and Joystick,45
76,Joystick,25
77,TouchPen,47
78,RAM with Hardisk (2TB),27
79,TouchPen,39
80,Gaming Mouse with Mouse Pad,27
81,RAM with Hardisk (2TB),25
82,Mouse with Keyboard,29
83,Pendrive (16GB),22
84,Keyboard,20
85,Gaming Mouse,48
86,Normal Mouse,40
87,RAM with Hardisk (2TB),42
88,Gaming Mouse,39
89,Pendrive (32GB),36
90,Gaming Keyboard with Gaming Mouse,20
91,Mouse Pad,24
92,Normal Mouse,49
93,Hardisk (1TB),29
94,RAM with Hardisk (2TB),42
95,Pendrive (32GB),23
96,Gaming Mouse with Mouse Pad,22
97,Gaming Mouse,23
98,Gaming Keyboard with Gaming Mouse,29
99,Gaming Mouse,21
100,Gaming Keyboard,38
101,Keyboard,29
102,Normal Mouse,34
103,Normal Mouse,46
104,Gaming Mouse Pad,39
105,Gaming Keyboard with Gaming Mouse,44
106,Gaming Keyboard,40
107,TouchPen,22
108,TouchPen,50
109,Pendrive (32GB),34
110,RAM with Hardisk (2TB),42
111,Graphics Card (2GB) NVIDIA with HeatSink,38
112,Headset,45
113,Mouse Pad,44
114,Mouse with Keyboard,32
115,Joystick,33
116,Gaming Keyboard with Gaming Mouse,26
117,Mouse with Keyboard,40
118,Gaming Mouse with Mouse Pad,50
119,Gaming Keyboard with Gaming Mouse,45
120,Mouse Pad,42
121,Pendrive (16GB),36
122,Mouse Pad,49
123,Pendrive (16GB),26
124,Gaming Mouse Pad,33
125,Gaming Keyboard,28
126,Gaming Keyboard,36
127,Pendrive (16GB),40
128,HeatSink and Joystick,24
129,Normal Mouse,31
130,Mouse with Keyboard,44
131,Headset,43
132,Gaming Mouse,24
133,Pendrive (32GB),25
134,Hardisk (500GB),46
135,HeatSink and Joystick,22
136,Headset,37
137,Gaming Keyboard with Gaming Mouse,45
138,TouchPen,27
139,Gaming Keyboard,28
140,HeatSink and Joystick,41
141,Headset,27
142,Mouse with Keyboard,30
143,Gaming Mouse with Mouse Pad,21
144,RAM with Hardisk (2TB),41
145,Hardisk (500GB),48
146,RAM with Hardisk (2TB),36
147,Gaming Keyboard,34
148,Hardisk (500GB),38
149,TouchPen,20
150,Gaming Mouse,29
151,Graphics Card (2GB) NVIDIA with HeatSink,33
152,Headset,27
153,Hardisk (500GB),20
154,Normal Mouse,22
155,Gaming Keyboard,31
156,TouchPen,50
157,Gaming Keyboard,29
158,Joystick,27
159,TouchPen,35
160,Graphics Card (2GB) NVIDIA with HeatSink,20
161,TouchPen,43
162,Hardisk (1TB),43
163,Gaming Keyboard,22
164,Keyboard,44
165,Gaming Keyboard,49
166,TouchPen,25
167,Keyboard,47
168,Joystick,38
169,Gaming Keyboard,43
170,Keyboard,50
171,RAM with Hardisk (2TB),40
172,Mouse with Keyboard,48
173,Keyboard,26
174,Joystick,43
175,Pendrive (32GB),45
176,TouchPen,29
177,Mouse with Keyboard,23
178,Hardisk (1TB),48
179,HeatSink and Joystick,45
180,Pendrive (16GB),32
181,Gaming Mouse,47
182,Pendrive (32GB),22
183,Gaming Mouse with Mouse Pad,46
184,Headset,33
185,Gaming Mouse with Mouse Pad,27
186,Hardisk (1TB),38
187,Gaming Keyboard,28
188,Mouse with Keyboard,23
189,Normal Mouse,24
190,RAM with Hardisk (2TB),30
191,Pendrive (16GB),48
192,Graphics Card (2GB) NVIDIA with HeatSink,21
193,Gaming Keyboard with Gaming Mouse,21
194,Headset,48
195,HeatSink and Joystick,21
196,Mouse Pad,33
197,Pendrive (32GB),24
198,Hardisk (1TB),40
199,Headset,43
200,Keyboard,48
201,Gaming Keyboard with Gaming Mouse,50
202,Headset,44
203,Gaming Mouse with Mouse Pad,41
204,Pendrive (16GB),24
205,Headset,45
206,Gaming Keyboard with Gaming Mouse,29
207,Gaming Mouse with Mouse Pad,34
208,Pendrive (16GB),38
209,Hardisk (500GB),49
210,Pendrive (16GB),20
211,Gaming Keyboard with Gaming Mouse,33
212,Mouse with Keyboard,43
213,Mouse with Keyboard,30
214,Graphics Card (2GB) NVIDIA with HeatSink,38
215,TouchPen,48
216,Pendrive (16GB),43
217,Gaming Mouse Pad,37
218,TouchPen,24
219,Hardisk (1TB),23
220,Graphics Card (2GB) NVIDIA with HeatSink,41
221,Hardisk (1TB),20
222,Pendrive (32GB),38
223,Joystick,45
224,Graphics Card (2GB) NVIDIA with HeatSink,42
225,Hardisk (500GB),44
226,TouchPen,47
227,Gaming Mouse,44
228,Gaming Mouse,21
229,Mouse with Keyboard,34
230,Pendrive (16GB),39
231,Graphics Card (2GB) NVIDIA with HeatSink,31
232,Headset,50
233,TouchPen,38
234,RAM with Hardisk (2TB),37
235,HeatSink and Joystick,39
236,Keyboard,44
237,Joystick,23
238,Gaming Keyboard,41
239,Headset,39
240,Pendrive (32GB),31
241,Gaming Mouse Pad,50
242,Gaming Mouse,20
243,Headset,34
244,Gaming Mouse Pad,22
245,Gaming Mouse with Mouse Pad,44
246,Hardisk (1TB),23
247,Gaming Mouse Pad,31
248,Gaming Mouse Pad,39
249,Keyboard,35
250,TouchPen,21
251,Pendrive (16GB),24
252,Keyboard,29
253,HeatSink and Joystick,47
254,Joystick,49
255,Pendrive (16GB),31
256,TouchPen,27
257,Hardisk (500GB),28
258,Graphics Card (2GB) NVIDIA with HeatSink,36
259,RAM with Hardisk (2TB),41
260,RAM with Hardisk (2TB),47
261,Gaming Keyboard,48
262,Gaming Keyboard with Gaming Mouse,35
263,TouchPen,28
264,Gaming Mouse,49
265,Mouse Pad,29
266,Gaming Keyboard,38
267,Hardisk (1TB),48
268,Headset,34
269,Pendrive (32GB),39
270,TouchPen,37
271,Mouse with Keyboard,37
272,Gaming Keyboard,47
273,Hardisk (1TB),50
274,Mouse with Keyboard,32
275,Gaming Mouse with Mouse Pad,44
276,Gaming Mouse Pad,26
277,Gaming Keyboard with Gaming Mouse,36
278,HeatSink and Joystick,33
279,Joystick,46
280,Gaming Mouse,39
281,Hardisk (500GB),43
282,Joystick,47
283,TouchPen,27
284,Hardisk (500GB),24
285,Gaming Mouse with Mouse Pad,49
286,Gaming Keyboard,27
287,Gaming Mouse,46
288,Gaming Mouse,44
289,RAM with Hardisk (2TB),23
290,Pendrive (16GB),29
291,Keyboard,34
292,RAM with Hardisk (2TB),37
293,Keyboard,41
294,Hardisk (1TB),24
295,Hardisk (500GB),24
296,Headset,44
297,TouchPen,22
298,Mouse Pad,49
299,RAM with Hardisk (2TB),25
300,Gaming Mouse with Mouse Pad,27
301,Pendrive (32GB),40
302,Mouse with Keyboard,49
303,Gaming Mouse with Mouse Pad,43
304,Gaming Keyboard with Gaming Mouse,22
305,RAM with Hardisk (2TB),50
306,HeatSink and Joystick,50
307,Joystick,37
308,HeatSink and Joystick,33
309,Gaming Mouse,32
310,Gaming Mouse with Mouse Pad,42
311,TouchPen,39
312,Joystick,32
313,Gaming Mouse,31
314,Gaming Mouse,36
315,Mouse with Keyboard,25
316,Gaming Keyboard with Gaming Mouse,35
317,Mouse with Keyboard,22
318,Gaming Mouse Pad,22
319,Gaming Keyboard,33
320,Gaming Mouse with Mouse Pad,42
321,HeatSink and Joystick,22
322,Mouse with Keyboard,20
323,TouchPen,50
324,TouchPen,23
325,Graphics Card (2GB) NVIDIA with HeatSink,42
326,TouchPen,22
327,Pendrive (32GB),47
328,Graphics Card (2GB) NVIDIA with HeatSink,29
329,Hardisk (500GB),36
330,Normal Mouse,26
331,HeatSink and Joystick,42
332,Mouse with Keyboard,33
333,RAM with Hardisk (2TB),46
334,Mouse with Keyboard,46
335,RAM with Hardisk (2TB),27
336,Pendrive (32GB),41
337,Headset,29
338,Pendrive (16GB),43
339,Gaming Keyboard with Gaming Mouse,22
340,Graphics Card (2GB) NVIDIA with HeatSink,23
341,Mouse with Keyboard,41
342,Gaming Keyboard,24
343,Gaming Keyboard with Gaming Mouse,48
344,Gaming Keyboard with Gaming Mouse,31
345,Headset,44
346,Normal Mouse,39
347,Gaming Mouse Pad,36
348,Gaming Mouse with Mouse Pad,22
349,Hardisk (1TB),26
350,Mouse with Keyboard,30
351,Gaming Keyboard with Gaming Mouse,42
352,TouchPen,31
353,Mouse Pad,48
354,Mouse with Keyboard,41
355,Gaming Mouse with Mouse Pad,34
356,Graphics Card (2GB) NVIDIA with HeatSink,24
357,Headset,34
358,Gaming Mouse,25
359,Gaming Keyboard,30
360,Keyboard,41
361,Keyboard,40
362,Gaming Mouse Pad,25
363,Gaming Mouse with Mouse Pad,27
364,TouchPen,36
365,Gaming Keyboard,34
366,Graphics Card (2GB) NVIDIA with HeatSink,22
367,Gaming Keyboard with Gaming Mouse,22
368,Mouse with Keyboard,29
369,Headset,30
370,Hardisk (1TB),41
371,Pendrive (16GB),42
372,Graphics Card (2GB) NVIDIA with HeatSink,37
373,Joystick,26
374,TouchPen,42
375,HeatSink and Joystick,30
376,Pendrive (32GB),44
377,Gaming Mouse,36
378,Gaming Mouse,28
379,Graphics Card (2GB) NVIDIA with HeatSink,23
380,Hardisk (1TB),45
381,Graphics Card (2GB) NVIDIA with HeatSink,43
382,Gaming Keyboard,34
383,Gaming Mouse with Mouse Pad,48
384,Pendrive (16GB),42
385,Normal Mouse,30
386,Graphics Card (2GB) NVIDIA with HeatSink,36
387,Mouse with Keyboard,22
388,Hardisk (1TB),36
389,Hardisk (1TB),23
390,TouchPen,20
391,Gaming Keyboard with Gaming Mouse,21
392,Joystick,21
393,Gaming Keyboard,32
394,Hardisk (1TB),44
395,Gaming Keyboard with Gaming Mouse,20
396,Gaming Keyboard,26
397,Joystick,24
398,Keyboard,50
399,Mouse Pad,48
400,Gaming Keyboard with Gaming Mouse,39
401,HeatSink and Joystick,21
402,Pendrive (32GB),20
403,Graphics Card (2GB) NVIDIA with HeatSink,22
404,Pendrive (32GB),33
405,Gaming Mouse Pad,42
406,Pendrive (16GB),20
407,Hardisk (1TB),44
408,Pendrive (16GB),21
409,Joystick,34
410,Headset,27
411,Normal Mouse,28
412,RAM with Hardisk (2TB),48
413,Headset,21
414,Headset,29
415,Gaming Mouse with Mouse Pad,33
416,Gaming Keyboard,27
417,Pendrive (16GB),29
418,Hardisk (500GB),26
419,Gaming Mouse Pad,35
420,Normal Mouse,40
421,Keyboard,27
422,Normal Mouse,47
423,RAM with Hardisk (2TB),20
424,Keyboard,33
425,Mouse Pad,39
426,Gaming Mouse Pad,47
427,Mouse with Keyboard,28
428,RAM with Hardisk (2TB),24
429,Hardisk (1TB),20
430,Pendrive (16GB),37
431,Gaming Keyboard with Gaming Mouse,41
432,Gaming Mouse,48
433,Gaming Mouse with Mouse Pad,46
434,Graphics Card (2GB) NVIDIA with HeatSink,40
435,Joystick,21
436,Keyboard,22
437,Hardisk (500GB),25
438,Pendrive (32GB),27
439,Graphics Card (2GB) NVIDIA with HeatSink,42
440,Mouse Pad,44
441,Gaming Keyboard,29
442,Gaming Mouse,34
443,Gaming Mouse Pad,22
444,Joystick,42
445,Gaming Mouse,50
446,Joystick,50
447,Gaming Mouse,22
448,Gaming Mouse Pad,20
449,TouchPen,22
450,Mouse with Keyboard,46
451,Hardisk (500GB),44
452,Joystick,20
453,Mouse with Keyboard,29
454,Pendrive (32GB),31
455,Gaming Mouse with Mouse Pad,35
456,Gaming Mouse with Mouse Pad,32
457,Pendrive (16GB),31
458,Gaming Mouse Pad,36
459,HeatSink and Joystick,32
460,Hardisk (500GB),45
461,HeatSink and Joystick,42
462,Headset,49
463,Hardisk (500GB),33
464,Gaming Keyboard with Gaming Mouse,29
465,Gaming Keyboard with Gaming Mouse,23
466,Joystick,20
467,Hardisk (1TB),31
468,Headset,27
469,Pendrive (32GB),23
470,TouchPen,35
471,TouchPen,32
472,HeatSink and Joystick,42
473,Graphics Card (2GB) NVIDIA with HeatSink,34
474,Mouse Pad,20
475,Mouse Pad,45
476,Gaming Mouse Pad,22
477,Mouse with Keyboard,27
478,Gaming Keyboard,40
479,Hardisk (500GB),21
480,Gaming Keyboard with Gaming Mouse,49
481,RAM with Hardisk (2TB),44
482,Normal Mouse,24
483,Gaming Mouse with Mouse Pad,20
484,Gaming Keyboard,41
485,TouchPen,32
486,Joystick,26
487,Graphics Card (2GB) NVIDIA with HeatSink,20
488,Hardisk (1TB),27
489,RAM with Hardisk (2TB),28
490,Pendrive (16GB),26
491,Hardisk (1TB),48
492,Gaming Keyboard,50
493,Keyboard,29
494,Gaming Keyboard,27
495,Gaming Mouse,37
496,Graphics Card (2GB) NVIDIA with HeatSink,42
497,Hardisk (500GB),21
498,Normal Mouse,32
499,Mouse with Keyboard,39
500,Gaming Keyboard with Gaming Mouse,31
501,Mouse Pad,50
502,Keyboard,40
503,Gaming Keyboard with Gaming Mouse,48
504,Keyboard,24
505,Gaming Mouse Pad,30
506,Keyboard,32
507,Hardisk (1TB),46
508,TouchPen,34
509,Pendrive (32GB),39
510,HeatSink and Joystick,44
511,Normal Mouse,24
512,Hardisk (1TB),38
513,Gaming Keyboard,23
514,Gaming Mouse with Mouse Pad,31
515,Gaming Keyboard with Gaming Mouse,34
516,Gaming Mouse,32
517,Joystick,47
518,TouchPen,35
519,Hardisk (1TB),25
520,Graphics Card (2GB) NVIDIA with HeatSink,33
521,Pendrive (16GB),42
522,Gaming Keyboard with Gaming Mouse,38
523,Gaming Mouse,44
524,HeatSink and Joystick,41
525,Gaming Keyboard,39
526,Gaming Keyboard,35
527,Gaming Mouse Pad,35
528,Graphics Card (2GB) NVIDIA with HeatSink,27
529,TouchPen,43
530,Headset,49
531,Headset,33
532,Pendrive (32GB),34
533,Joystick,41
534,Gaming Mouse,45
535,Graphics Card (2GB) NVIDIA with HeatSink,41
536,Headset,21
537,Gaming Mouse,32
538,Pendrive (32GB),47
539,HeatSink and Joystick,41
540,Hardisk (500GB),37
541,HeatSink and Joystick,29
542,Gaming Keyboard,35
543,Pendrive (16GB),26
544,Joystick,20
545,TouchPen,45
546,Pendrive (16GB),47
547,Gaming Mouse,42
548,Mouse Pad,25
549,Pendrive (16GB),38
550,RAM with Hardisk (2TB),38
551,Normal Mouse,48
552,Gaming Mouse,47
553,Gaming Mouse Pad,42
554,Pendrive (16GB),26
555,Graphics Card (2GB) NVIDIA with HeatSink,45
556,Mouse Pad,33
557,Keyboard,25
558,Gaming Mouse,39
559,Headset,41
560,Joystick,34
561,Normal Mouse,49
562,Gaming Keyboard,43
563,Gaming Mouse with Mouse Pad,24
564,Gaming Mouse,35
565,Headset,42
566,Headset,35
567,Mouse with Keyboard,44
568,Keyboard,38
569,Mouse with Keyboard,28
570,Gaming Keyboard,39
571,Graphics Card (2GB) NVIDIA with HeatSink,35
572,Graphics Card (2GB) NVIDIA with HeatSink,21
573,Normal Mouse,23
574,Hardisk (1TB),31
575,Keyboard,21
576,Hardisk (1TB),25
577,Keyboard,47
578,Keyboard,48
579,Graphics Card (2GB) NVIDIA with HeatSink,27
580,Mouse Pad,50
581,Normal Mouse,44
582,Hardisk (1TB),21
583,Graphics Card (2GB) NVIDIA with HeatSink,31
584,Joystick,32
585,Normal Mouse,22
586,Graphics Card (2GB) NVIDIA with HeatSink,28
587,TouchPen,41
588,Pendrive (16GB),28
589,Normal Mouse,50
590,Keyboard,40
591,Hardisk (500GB),31
592,Hardisk (1TB),41
593,HeatSink and Joystick,48
594,Gaming Mouse Pad,22
595,Graphics Card (2GB) NVIDIA with HeatSink,48
596,Headset,50
597,Graphics Card (2GB) NVIDIA with HeatSink,33
598,RAM with Hardisk (2TB),34
599,Mouse with Keyboard,38
600,Hardisk (500GB),25
601,Pendrive (16GB),25
602,Keyboard,41
603,Normal Mouse,42
604,Hardisk (1TB),25
605,HeatSink and Joystick,44
606,Gaming Mouse,21
607,HeatSink and Joystick,30
608,Headset,36
609,Gaming Keyboard with Gaming Mouse,40
610,Mouse with Keyboard,22
611,Pendrive (32GB),45
612,Keyboard,29
613,RAM with Hardisk (2TB),46
614,Mouse Pad,42
615,HeatSink and Joystick,31
616,Keyboard,26
617,TouchPen,50
618,Pendrive (32GB),30
619,Mouse with Keyboard,49
620,Gaming Keyboard,29
621,Keyboard,46
622,Headset,27
623,Gaming Mouse Pad,44
624,Normal Mouse,42
625,Hardisk (1TB),31
626,Mouse with Keyboard,38
627,Normal Mouse,31
628,TouchPen,50
629,Gaming Keyboard,44
630,RAM with Hardisk (2TB),47
631,RAM with Hardisk (2TB),30
632,Hardisk (500GB),26
633,Graphics Card (2GB) NVIDIA with HeatSink,42
634,Joystick,42
635,Mouse with Keyboard,48
636,Gaming Mouse with Mouse Pad,39
637,Joystick,24
638,Headset,36
639,Mouse with Keyboard,21
640,Mouse Pad,44
641,Gaming Mouse,42
642,Hardisk (500GB),41
643,Headset,33
644,Keyboard,20
645,Joystick,27
646,Graphics Card (2GB) NVIDIA with HeatSink,29
647,Gaming Mouse with Mouse Pad,37
648,Pendrive (32GB),28
649,TouchPen,28
650,Gaming Mouse Pad,49
651,Gaming Mouse Pad,31
652,Headset,35
653,Gaming Mouse with Mouse Pad,35
654,Pendrive (16GB),25
655,Gaming Mouse,23
656,Mouse with Keyboard,29
657,HeatSink and Joystick,46
658,HeatSink and Joystick,29
659,Pendrive (16GB),21
660,Keyboard,31
661,Headset,47
662,Pendrive (32GB),37
663,Gaming Keyboard,36
664,Gaming Keyboard,44
665,Gaming Mouse,48
666,Gaming Mouse with Mouse Pad,40
667,Graphics Card (2GB) NVIDIA with HeatSink,24
668,Hardisk (1TB),22
669,Gaming Mouse,46
670,Gaming Keyboard with Gaming Mouse,42
671,Gaming Mouse,39
672,TouchPen,35
673,Mouse Pad,48
674,Keyboard,36
675,Gaming Mouse,23
676,Keyboard,31
677,Keyboard,36
678,Keyboard,43
679,Pendrive (16GB),26
680,Keyboard,45
681,Pendrive (32GB),49
682,Gaming Mouse with Mouse Pad,23
683,Keyboard,23
684,Gaming Mouse with Mouse Pad,43
685,Gaming Keyboard,44
686,TouchPen,49
687,Joystick,21
688,Normal Mouse,26
689,Hardisk (1TB),36
690,Hardisk (1TB),47
691,Joystick,40
692,Pendrive (32GB),28
693,HeatSink and Joystick,27
694,Pendrive (16GB),41
695,Gaming Mouse Pad,47
696,RAM with Hardisk (2TB),24
697,Keyboard,37
698,RAM with Hardisk (2TB),37
699,Gaming Mouse with Mouse Pad,47
700,Gaming Mouse with Mouse Pad,48
701,Pendrive (16GB),24
702,Pendrive (16GB),20
703,Headset,32
704,Normal Mouse,27
705,Gaming Keyboard with Gaming Mouse,43
706,TouchPen,38
707,Mouse with Keyboard,20
708,Graphics Card (2GB) NVIDIA with HeatSink,44
709,Joystick,42
710,Hardisk (500GB),43
711,Gaming Mouse Pad,33
712,Gaming Mouse with Mouse Pad,21
713,RAM with Hardisk (2TB),25
714,HeatSink and Joystick,21
715,Mouse with Keyboard,42
716,Joystick,21
717,RAM with Hardisk (2TB),20
718,Gaming Keyboard,43
719,Graphics Card (2GB) NVIDIA with HeatSink,30
720,Graphics Card (2GB) NVIDIA with HeatSink,22
721,Hardisk (500GB),22
722,Gaming Mouse,37
723,Pendrive (32GB),39
724,HeatSink and Joystick,37
725,Headset,44
726,Mouse Pad,41
727,Mouse with Keyboard,20
728,Gaming Keyboard with Gaming Mouse,20
729,Keyboard,28
730,Gaming Mouse,48
731,Joystick,20
732,Pendrive (32GB),47
733,Gaming Keyboard,48
734,Normal Mouse,49
735,Gaming Mouse with Mouse Pad,25
736,Mouse Pad,23
737,Pendrive (16GB),44
738,Normal Mouse,47
739,Pendrive (32GB),43
740,Mouse with Keyboard,33
741,Gaming Mouse,25
742,Gaming Mouse with Mouse Pad,40
743,Gaming Mouse,31
744,Gaming Mouse,37
745,Hardisk (500GB),35
746,Headset,20
747,Mouse Pad,38
748,HeatSink and Joystick,31
749,Headset,43
750,Pendrive (16GB),48
751,RAM with Hardisk (2TB),33
752,Gaming Mouse Pad,28
753,Joystick,29
754,Gaming Keyboard with Gaming Mouse,45
755,Gaming Mouse with Mouse Pad,42
756,Gaming Mouse with Mouse Pad,35
757,Pendrive (16GB),50
758,Keyboard,29
759,HeatSink and Joystick,42
760,Pendrive (32GB),28
761,Mouse Pad,50
762,Headset,40
763,Keyboard,48
764,Graphics Card (2GB) NVIDIA with HeatSink,48
765,HeatSink and Joystick,24
766,Hardisk (1TB),50
767,Hardisk (500GB),31
768,Gaming Mouse Pad,34
769,TouchPen,40
770,Mouse with Keyboard,21
771,HeatSink and Joystick,28
772,Gaming Keyboard,40
773,Hardisk (1TB),44
774,Gaming Keyboard with Gaming Mouse,21
775,Joystick,30
776,Pendrive (16GB),38
777,Normal Mouse,47
778,Hardisk (500GB),44
779,Gaming Mouse with Mouse Pad,36
780,Gaming Mouse with Mouse Pad,48
781,Keyboard,27
782,Gaming Keyboard with Gaming Mouse,43
783,Hardisk (500GB),46
784,RAM with Hardisk (2TB),48
785,Graphics Card (2GB) NVIDIA with HeatSink,50
786,Mouse Pad,22
787,Graphics Card (2GB) NVIDIA with HeatSink,49
788,Pendrive (16GB),46
789,Headset,27
790,HeatSink and Joystick,28
791,Keyboard,37
792,Mouse with Keyboard,31
793,Gaming Mouse with Mouse Pad,34
794,Pendrive (32GB),44
795,Gaming Keyboard with Gaming Mouse,31
796,Gaming Mouse Pad,20
797,Pendrive (32GB),29
798,TouchPen,48
799,Mouse with Keyboard,32
800,RAM with Hardisk (2TB),38
801,Gaming Mouse Pad,44
802,Gaming Keyboard,24
803,RAM with Hardisk (2TB),21
804,TouchPen,48
805,Normal Mouse,40
806,Gaming Mouse Pad,23
807,Gaming Mouse with Mouse Pad,40
808,Headset,28
809,Gaming Keyboard with Gaming Mouse,31
810,Normal Mouse,23
811,Mouse Pad,25
812,Normal Mouse,38
813,Mouse Pad,41
814,Gaming Mouse Pad,20
815,Normal Mouse,20
816,Gaming Keyboard,46
817,HeatSink and Joystick,35
818,Gaming Keyboard with Gaming Mouse,25
819,Gaming Mouse Pad,30
820,Gaming Keyboard,39
821,Normal Mouse,36
822,TouchPen,25
823,Mouse Pad,27
824,Mouse Pad,33
825,Gaming Keyboard with Gaming Mouse,35
826,Keyboard,47
827,Pendrive (16GB),39
828,Gaming Mouse with Mouse Pad,28
829,RAM with Hardisk (2TB),28
830,Gaming Mouse with Mouse Pad,48
831,Mouse Pad,29
832,Gaming Keyboard,22
833,Hardisk (1TB),24
834,Headset,39
835,Gaming Mouse with Mouse Pad,20
836,Hardisk (500GB),24
837,Hardisk (500GB),45
838,Gaming Mouse with Mouse Pad,33
839,Gaming Mouse with Mouse Pad,30
840,Hardisk (500GB),39
841,Normal Mouse,41
842,Hardisk (1TB),50
843,Keyboard,40
844,TouchPen,48
845,Pendrive (32GB),42
846,Gaming Mouse,38
847,RAM with Hardisk (2TB),40
848,RAM with Hardisk (2TB),22
849,Gaming Mouse with Mouse Pad,39
850,HeatSink and Joystick,41
851,Pendrive (32GB),45
852,RAM with Hardisk (2TB),40
853,Keyboard,42
854,Gaming Keyboard,46
855,RAM with Hardisk (2TB),22
856,Gaming Keyboard,38
857,Headset,38
858,Graphics Card (2GB) NVIDIA with HeatSink,32
859,Gaming Mouse with Mouse Pad,29
860,Keyboard,34
861,Pendrive (16GB),49
862,HeatSink and Joystick,34
863,Headset,34
864,Hardisk (1TB),32
865,Pendrive (16GB),25
866,Hardisk (1TB),37
867,Graphics Card (2GB) NVIDIA with HeatSink,35
868,Hardisk (1TB),20
869,Gaming Mouse with Mouse Pad,33
870,Pendrive (32GB),42
871,Joystick,47
872,Joystick,47
873,TouchPen,31
874,TouchPen,21
875,Hardisk (500GB),21
876,HeatSink and Joystick,25
877,Gaming Mouse with Mouse Pad,50
878,Pendrive (32GB),27
879,Gaming Mouse with Mouse Pad,31
880,Joystick,30
881,Hardisk (500GB),30
882,Gaming Keyboard,50
883,Pendrive (16GB),39
884,Gaming Mouse with Mouse Pad,34
885,Keyboard,49
886,RAM with Hardisk (2TB),48
887,Mouse Pad,33
888,RAM with Hardisk (2TB),41
889,Graphics Card (2GB) NVIDIA with HeatSink,33
890,Gaming Mouse Pad,40
891,Gaming Mouse Pad,50
892,Hardisk (1TB),33
893,Gaming Mouse,40
894,RAM with Hardisk (2TB),49
895,Mouse Pad,38
896,Gaming Mouse,39
897,Gaming Mouse Pad,44
898,Graphics Card (2GB) NVIDIA with HeatSink,31
899,Gaming Keyboard with Gaming Mouse,26
900,Headset,22
901,TouchPen,42
902,Joystick,37
903,Gaming Mouse with Mouse Pad,46
904,Headset,45
905,Hardisk (500GB),41
906,Hardisk (500GB),21
907,TouchPen,24
908,Hardisk (500GB),28
909,Pendrive (32GB),31
910,Pendrive (16GB),29
911,RAM with Hardisk (2TB),49
912,Pendrive (32GB),35
913,RAM with Hardisk (2TB),37
914,Headset,34
915,Mouse Pad,30
916,Graphics Card (2GB) NVIDIA with HeatSink,37
917,Keyboard,24
918,Mouse Pad,37
919,Joystick,20
920,Headset,48
921,Gaming Mouse,31
922,Graphics Card (2GB) NVIDIA with HeatSink,25
923,Mouse with Keyboard,33
924,RAM with Hardisk (2TB),39
925,Hardisk (500GB),42
926,Pendrive (16GB),47
927,HeatSink and Joystick,26
928,Gaming Keyboard,29
929,Keyboard,45
930,HeatSink and Joystick,34
931,Headset,33
932,TouchPen,27
933,Gaming Keyboard,27
934,Gaming Keyboard with Gaming Mouse,34
935,Gaming Mouse with Mouse Pad,37
936,Graphics Card (2GB) NVIDIA with HeatSink,25
937,Gaming Mouse,30
938,Pendrive (32GB),44
939,Graphics Card (2GB) NVIDIA with HeatSink,31
940,Gaming Mouse with Mouse Pad,34
941,HeatSink and Joystick,43
942,Joystick,22
943,Gaming Keyboard,43
944,Gaming Keyboard,39
945,Hardisk (500GB),26
946,TouchPen,34
947,Mouse Pad,32
948,Hardisk (1TB),37
949,TouchPen,42
950,TouchPen,48
951,Gaming Mouse Pad,48
952,TouchPen,22
953,Mouse with Keyboard,31
954,Mouse Pad,34
955,RAM with Hardisk (2TB),20
956,Hardisk (500GB),36
957,Graphics Card (2GB) NVIDIA with HeatSink,41
958,Mouse with Keyboard,22
959,HeatSink and Joystick,23
960,Hardisk (500GB),26
961,Hardisk (500GB),42
962,Gaming Mouse,36
963,HeatSink and Joystick,22
964,Headset,32
965,Normal Mouse,31
966,Gaming Mouse Pad,26
967,Gaming Mouse Pad,25
968,Graphics Card (2GB) NVIDIA with HeatSink,27
969,Headset,34
970,Gaming Keyboard with Gaming Mouse,41
971,Hardisk (1TB),36
972,Joystick,49
973,HeatSink and Joystick,35
974,Hardisk (1TB),26
975,Graphics Card (2GB) NVIDIA with HeatSink,39
976,Mouse with Keyboard,37
977,RAM with Hardisk (2TB),36
978,Gaming Keyboard with Gaming Mouse,21
979,Pendrive (32GB),50
980,Mouse Pad,45
981,Mouse Pad,45
982,Gaming Mouse,43
983,Gaming Mouse with Mouse Pad,24
984,Gaming Mouse with Mouse Pad,23
985,Gaming Mouse Pad,45
986,Gaming Mouse,24
987,RAM with Hardisk (2TB),50
988,Gaming Keyboard,50
989,Graphics Card (2GB) NVIDIA with HeatSink,32
990,Gaming Mouse,39
991,Pendrive (16GB),37
992,RAM with Hardisk (2TB),29
993,Normal Mouse,42
994,Gaming Keyboard,20
995,Mouse Pad,34
996,Gaming Mouse Pad,44
997,Headset,25
998,HeatSink and Joystick,40
999,Gaming Keyboard with Gaming Mouse,31
1000,Normal Mouse,43
1001,TouchPen,47
1002,Gaming Keyboard,41
1003,Mouse with Keyboard,31
1004,Gaming Keyboard,42
1005,Hardisk (1TB),45
1006,Pendrive (32GB),30
1007,Pendrive (32GB),25
1008,Pendrive (16GB),20
1009,RAM with Hardisk (2TB),49
1010,HeatSink and Joystick,26
1011,Pendrive (32GB),30
1012,Hardisk (500GB),29
1013,Pendrive (16GB),28
1014,Normal Mouse,24
1015,Gaming Keyboard with Gaming Mouse,27
1016,Gaming Keyboard,45
1017,Gaming Keyboard,35
1018,RAM with Hardisk (2TB),48
1019,Gaming Keyboard,38
1020,Hardisk (1TB),32
1021,Hardisk (500GB),33
1022,TouchPen,27
1023,Gaming Mouse with Mouse Pad,25
1024,Gaming Mouse,26
1025,Gaming Keyboard,37
1026,Mouse Pad,22
1027,RAM with Hardisk (2TB),41
1028,Hardisk (1TB),35
1029,Normal Mouse,39
1030,Keyboard,40
1031,Keyboard,31
1032,Headset,31
1033,Gaming Keyboard with Gaming Mouse,33
1034,RAM with Hardisk (2TB),43
1035,Gaming Keyboard with Gaming Mouse,21
1036,TouchPen,23
1037,TouchPen,47
1038,Normal Mouse,20
1039,Mouse with Keyboard,44
1040,Gaming Keyboard with Gaming Mouse,22
1041,Gaming Mouse Pad,50
1042,Headset,42
1043,Mouse Pad,50
1044,TouchPen,21
1045,Gaming Keyboard,29
1046,Hardisk (500GB),27
1047,Gaming Mouse with Mouse Pad,21
1048,Headset,47
1049,Keyboard,41
1050,Gaming Keyboard,50
1051,Mouse Pad,22
1052,Pendrive (32GB),31
1053,TouchPen,47
1054,Gaming Mouse with Mouse Pad,27
1055,Hardisk (500GB),37
1056,TouchPen,48
1057,Pendrive (32GB),23
1058,Keyboard,45
1059,Gaming Mouse with Mouse Pad,33
1060,Graphics Card (2GB) NVIDIA with HeatSink,45
1061,Gaming Mouse,20
1062,Gaming Mouse Pad,42
1063,Mouse with Keyboard,20
1064,TouchPen,29
1065,Gaming Keyboard with Gaming Mouse,33
1066,HeatSink and Joystick,25
1067,HeatSink and Joystick,20
1068,Keyboard,33
1069,Gaming Keyboard with Gaming Mouse,49
1070,Gaming Mouse with Mouse Pad,35
1071,Graphics Card (2GB) NVIDIA with HeatSink,32
1072,Hardisk (1TB),46
1073,Hardisk (500GB),41
1074,RAM with Hardisk (2TB),32
1075,Mouse with Keyboard,30
1076,Hardisk (500GB),25
1077,TouchPen,33
1078,Keyboard,28
1079,Hardisk (500GB),21
1080,HeatSink and Joystick,44
1081,Mouse Pad,41
1082,Hardisk (500GB),23
1083,Gaming Mouse,36
1084,Gaming Keyboard,29
1085,Headset,25
1086,Gaming Mouse Pad,34
1087,Graphics Card (2GB) NVIDIA with HeatSink,46
1088,Gaming Keyboard,32
1089,Pendrive (32GB),37
1090,Pendrive (32GB),48
1091,HeatSink and Joystick,25
1092,Gaming Mouse with Mouse Pad,47
1093,Gaming Mouse Pad,36
1094,Normal Mouse,50
1095,Normal Mouse,46
1096,Gaming Mouse Pad,31
1097,RAM with Hardisk (2TB),45
1098,RAM with Hardisk (2TB),48
1099,Gaming Keyboard with Gaming Mouse,26
1100,Keyboard,27
1101,Gaming Keyboard with Gaming Mouse,45
1102,Gaming Keyboard with Gaming Mouse,28
1103,Keyboard,37
1104,HeatSink and Joystick,41
1105,Pendrive (32GB),31
1106,Graphics Card (2GB) NVIDIA with HeatSink,31
1107,Joystick,30
1108,Graphics Card (2GB) NVIDIA with HeatSink,26
1109,RAM with Hardisk (2TB),22
1110,Graphics Card (2GB) NVIDIA with HeatSink,49
1111,Headset,21
1112,Normal Mouse,27
1113,Gaming Mouse with Mouse Pad,25
1114,RAM with Hardisk (2TB),34
1115,RAM with Hardisk (2TB),22
1116,Gaming Mouse,42
1117,Gaming Keyboard,20
1118,HeatSink and Joystick,39
1119,Hardisk (1TB),44
1120,Gaming Mouse,24
1121,Headset,46
1122,Normal Mouse,50
1123,Gaming Mouse Pad,26
1124,TouchPen,50
1125,Gaming Keyboard with Gaming Mouse,22
1126,Gaming Mouse,22
1127,Headset,38
1128,Pendrive (32GB),45
1129,Graphics Card (2GB) NVIDIA with HeatSink,43
1130,Joystick,48
1131,Joystick,42
1132,Hardisk (500GB),41
1133,Gaming Keyboard,23
1134,Graphics Card (2GB) NVIDIA with HeatSink,22
1135,Hardisk (500GB),20
1136,Gaming Mouse with Mouse Pad,23
1137,Gaming Keyboard,44
1138,Gaming Mouse,34
1139,Gaming Mouse with Mouse Pad,31
1140,Pendrive (16GB),24
1141,Gaming Mouse,29
1142,Keyboard,24
1143,RAM with Hardisk (2TB),35
1144,RAM with Hardisk (2TB),30
1145,Mouse with Keyboard,34
1146,Gaming Mouse with Mouse Pad,34
1147,Gaming Keyboard,47
1148,Gaming Mouse Pad,33
1149,Joystick,37
1150,Gaming Keyboard with Gaming Mouse,37
1151,Hardisk (1TB),43
1152,Gaming Keyboard,25
1153,Gaming Mouse,21
1154,Joystick,46
1155,Pendrive (16GB),50
1156,Hardisk (500GB),34
1157,Gaming Mouse Pad,23
1158,Hardisk (1TB),33
1159,Hardisk (500GB),39
1160,Gaming Keyboard,23
1161,Gaming Keyboard with Gaming Mouse,45
1162,HeatSink and Joystick,45
1163,Gaming Mouse,30
1164,Joystick,24
1165,Gaming Keyboard,40
1166,Pendrive (32GB),46
1167,Pendrive (32GB),48
1168,Mouse with Keyboard,46
1169,Pendrive (16GB),31
1170,Gaming Keyboard with Gaming Mouse,49
1171,Graphics Card (2GB) NVIDIA with HeatSink,44
1172,Hardisk (500GB),40
1173,TouchPen,27
1174,Headset,27
1175,Gaming Keyboard,30
1176,Gaming Mouse Pad,49
1177,Normal Mouse,42
1178,Joystick,35
1179,Gaming Mouse with Mouse Pad,36
1180,Pendrive (16GB),35
1181,Graphics Card (2GB) NVIDIA with HeatSink,48
1182,HeatSink and Joystick,35
1183,Pendrive (32GB),20
1184,Graphics Card (2GB) NVIDIA with HeatSink,31
1185,Mouse with Keyboard,23
1186,Pendrive (32GB),21
1187,Normal Mouse,27
1188,RAM with Hardisk (2TB),44
1189,Graphics Card (2GB) NVIDIA with HeatSink,26
1190,Keyboard,36
1191,Pendrive (16GB),35
1192,Gaming Keyboard,32
1193,Normal Mouse,20
1194,Mouse with Keyboard,38
1195,RAM with Hardisk (2TB),38
1196,Hardisk (500GB),23
1197,Pendrive (16GB),43
1198,Gaming Keyboard with Gaming Mouse,26
1199,Hardisk (1TB),22
1200,Gaming Mouse,43
1201,Pendrive (16GB),30
1202,Graphics Card (2GB) NVIDIA with HeatSink,20
1203,Pendrive (16GB),26
1204,Headset,45
1205,Gaming Keyboard,29
1206,Mouse with Keyboard,30
1207,Gaming Keyboard with Gaming Mouse,46
1208,Mouse with Keyboard,23
1209,Mouse with Keyboard,35
1210,Hardisk (500GB),29
1211,Gaming Keyboard,20
1212,Keyboard,24
1213,Mouse Pad,27
1214,Gaming Mouse Pad,39
1215,Hardisk (1TB),30
1216,Pendrive (16GB),39
1217,Gaming Keyboard,26
1218,Graphics Card (2GB) NVIDIA with HeatSink,35
1219,Keyboard,41
1220,Mouse Pad,49
1221,Gaming Mouse,32
1222,HeatSink and Joystick,48
1223,Hardisk (1TB),34
1224,Gaming Keyboard with Gaming Mouse,28
1225,Gaming Mouse Pad,32
1226,Hardisk (1TB),32
1227,Mouse Pad,45
1228,Headset,37
1229,RAM with Hardisk (2TB),38
1230,Keyboard,24
1231,Graphics Card (2GB) NVIDIA with HeatSink,28
1232,HeatSink and Joystick,42
1233,RAM with Hardisk (2TB),38
1234,HeatSink and Joystick,25
1235,Pendrive (16GB),20
1236,Gaming Mouse Pad,27
1237,Keyboard,44
1238,Gaming Mouse with Mouse Pad,21
1239,Mouse Pad,27
1240,Mouse Pad,29
1241,RAM with Hardisk (2TB),23
1242,Gaming Mouse,30
1243,Normal Mouse,45
1244,Normal Mouse,29
1245,Gaming Mouse,31
1246,Gaming Mouse,20
1247,Hardisk (500GB),21
1248,HeatSink and Joystick,49
1249,Normal Mouse,40
1250,Gaming Keyboard,50
1251,Gaming Keyboard,26
1252,Mouse with Keyboard,26
1253,RAM with Hardisk (2TB),30
1254,Gaming Mouse Pad,42
1255,HeatSink and Joystick,22
1256,Mouse Pad,47
1257,Hardisk (1TB),31
1258,Hardisk (500GB),42
1259,TouchPen,39
1260,Hardisk (1TB),35
1261,Mouse with Keyboard,31
1262,Headset,42
1263,Gaming Mouse Pad,50
1264,Mouse with Keyboard,28
1265,Hardisk (1TB),22
1266,Normal Mouse,27
1267,Keyboard,32
1268,Gaming Keyboard with Gaming Mouse,29
1269,Normal Mouse,29
1270,Pendrive (16GB),21
1271,Gaming Keyboard with Gaming Mouse,36
1272,Headset,47
1273,Headset,22
1274,Gaming Keyboard with Gaming Mouse,50
1275,Mouse with Keyboard,44
1276,Gaming Mouse with Mouse Pad,39
1277,Keyboard,20
1278,Graphics Card (2GB) NVIDIA with HeatSink,40
1279,Joystick,40
1280,Mouse with Keyboard,27
1281,RAM with Hardisk (2TB),40
1282,Gaming Mouse Pad,32
1283,Pendrive (16GB),49
1284,Pendrive (32GB),28
1285,Joystick,49
1286,HeatSink and Joystick,25
1287,Hardisk (500GB),36
1288,Gaming Mouse,43
1289,Pendrive (16GB),48
1290,Headset,24
1291,Joystick,22
1292,Gaming Keyboard with Gaming Mouse,49
1293,Pendrive (16GB),24
1294,Gaming Mouse Pad,35
1295,Pendrive (16GB),36
1296,Hardisk (500GB),42
1297,TouchPen,29
1298,Gaming Keyboard,50
1299,Mouse Pad,25
1300,Mouse Pad,30
1301,TouchPen,28
1302,Keyboard,27
